event,wall_time_s,env_step,episode,epsilon,buffer_size,train_steps,mean_loss,loss_n_finite,loss_n_total,win_rate_pct,mean_return,mean_ep_len,mean_max_tile,best_max_tile
env_step,46.55617020699992,4610000,29,0.010000000000000009,10000,4606858,1.0801482581347228,2000,2000,,,,,
episode,77.04957756600015,4616444,50,0.010000000000000009,16444,4613302,1.1772423254773021,2000,2000,0.0,858.9569146976206,328.88,381.44,1024
env_step,94.15192436400002,4620000,58,0.010000000000000009,20000,4616858,1.1921886242330075,2000,2000,,,,,
env_step,142.06736870800023,4630000,83,0.010000000000000009,30000,4626858,1.1742463652417063,2000,2000,,,,,
episode,174.29827990700005,4636651,100,0.010000000000000009,36651,4633509,1.1589528004750609,2000,2000,0.0,1075.762141137509,404.14,485.12,1024
env_step,190.8285822050002,4640000,107,0.010000000000000009,40000,4636858,1.2142812030166388,2000,2000,,,,,
env_step,240.09039600799997,4650000,130,0.010000000000000009,50000,4646858,1.12526457208395,2000,2000,,,,,
episode,276.7007732709999,4657307,150,0.010000000000000009,57307,4654165,1.146145449027419,2000,2000,0.0,1099.6704094420702,413.12,512.0,1024
env_step,290.35797057900027,4660000,155,0.010000000000000009,60000,4656858,1.1868059175014496,2000,2000,,,,,
env_step,341.2074616550003,4670000,186,0.010000000000000009,70000,4666858,1.1553853097707034,2000,2000,,,,,
episode,380.1766172490002,4677616,200,0.010000000000000009,77616,4674474,1.1643100626319647,2000,2000,0.0,1085.782294349635,406.18,449.28,1024
env_step,392.6181660289999,4680000,206,0.010000000000000009,80000,4676858,1.1289705068990588,2000,2000,,,,,
env_step,445.00918078199993,4690000,231,0.010000000000000009,90000,4686858,1.1503433270454406,2000,2000,,,,,
episode,490.0914133450001,4698560,250,0.010000000000000009,98560,4695418,1.2157792140245438,2000,2000,0.0,1116.9443067531656,418.88,485.12,1024
env_step,497.6980034840003,4700000,253,0.010000000000000009,100000,4696858,1.236133735343814,2000,2000,,,,,
env_step,550.4309886010001,4710000,278,0.010000000000000009,100000,4706858,1.2251982610225678,2000,2000,,,,,
env_step,603.7724489410002,4720000,298,0.010000000000000009,100000,4716858,1.149470947444439,2000,2000,,,,,
episode,607.7127382009999,4720754,300,0.010000000000000009,100000,4717612,1.1226469958424568,2000,2000,2.0,1191.7618618373426,443.88,542.72,2048
env_step,656.98520813,4730000,317,0.010000000000000009,100000,4726858,1.1525778943449259,2000,2000,,,,,
env_step,709.8047461000001,4740000,340,0.010000000000000009,100000,4736858,1.1029197354763747,2000,2000,,,,,
episode,734.8398186520003,4744734,350,0.010000000000000009,100000,4741592,1.1544667087495326,2000,2000,0.0,1288.9162468084253,479.6,567.04,1024
env_step,762.7198682190001,4750000,361,0.010000000000000009,100000,4746858,1.1685243856161833,2000,2000,,,,,
env_step,815.9499622180001,4760000,384,0.010000000000000009,100000,4756858,1.179578607454896,2000,2000,,,,,
episode,853.3807897880001,4766931,400,0.010000000000000009,100000,4763789,1.1148527959138155,2000,2000,0.0,1187.6324162602875,443.94,494.08,1024
env_step,869.7337736280001,4770000,407,0.010000000000000009,100000,4766858,1.1427673287838698,2000,2000,,,,,
env_step,923.2218915900003,4780000,428,0.010000000000000009,100000,4776858,1.125132168531418,2000,2000,,,,,
episode,976.2281074759999,4789863,450,0.010000000000000009,100000,4786721,1.0957764613777399,2000,2000,0.0,1235.3266363523205,458.64,574.72,1024
env_step,976.9861116420002,4790000,450,0.010000000000000009,100000,4786858,1.0873061135709285,2000,2000,,,,,
env_step,1030.267218001,4800000,467,0.010000000000000009,100000,4796858,1.0449638770222665,2000,2000,,,,,
env_step,1083.216367179,4810000,487,0.010000000000000009,100000,4806858,1.0464089544415474,2000,2000,,,,,
episode,1109.9355674560002,4815020,500,0.010000000000000009,100000,4811878,1.0694156210571528,2000,2000,0.0,1360.4739870085143,503.14,599.04,1024
env_step,1136.5021497090002,4820000,508,0.010000000000000009,100000,4816858,1.0333261780887841,2000,2000,,,,,
env_step,1189.5529554600002,4830000,529,0.010000000000000009,100000,4826858,1.1178261422812938,2000,2000,,,,,
episode,1239.063445456,4839246,550,0.010000000000000009,100000,4836104,1.0589564176425337,2000,2000,2.0,1301.534798860547,484.52,574.72,2048
env_step,1243.0619570930003,4840000,551,0.010000000000000009,100000,4836858,1.0149953422620892,2000,2000,,,,,
env_step,1296.483216655,4850000,576,0.010000000000000009,100000,4846858,1.0778135054707527,2000,2000,,,,,
env_step,1349.950470632,4860000,596,0.010000000000000009,100000,4856858,1.0816806194633246,2000,2000,,,,,
episode,1363.6523906549996,4862521,600,0.010000000000000009,100000,4859379,1.064330238804221,2000,2000,0.0,1254.8783711575288,465.5,558.08,1024
env_step,1403.7898859869997,4870000,614,0.010000000000000009,100000,4866858,0.9890541217774153,2000,2000,,,,,
env_step,1456.9245854200003,4880000,637,0.010000000000000009,100000,4876858,1.0296118640750647,2000,2000,,,,,
episode,1494.2571614230005,4886987,650,0.010000000000000009,100000,4883845,0.9996431366056204,2000,2000,2.0,1319.6145926631548,489.32,588.8,2048
env_step,1510.3503927730003,4890000,657,0.010000000000000009,100000,4886858,1.0126236508488655,2000,2000,,,,,
env_step,1564.3451974760005,4900000,677,0.010000000000000009,100000,4896858,1.0981940407454966,2000,2000,,,,,
env_step,1617.7538971730005,4910000,699,0.010000000000000009,100000,4906858,1.0696067357957364,2000,2000,,,,,
episode,1618.8489375619997,4910207,700,0.010000000000000009,100000,4907065,1.0615695658773183,2000,2000,2.0,1251.5176451180985,464.4,581.76,2048
env_step,1671.4144176880004,4920000,719,0.010000000000000009,100000,4916858,1.0197149699926376,2000,2000,,,,,
env_step,1724.9965515070003,4930000,739,0.010000000000000009,100000,4926858,1.018712223418057,2000,2000,,,,,
episode,1753.811259691,4935380,750,0.010000000000000009,100000,4932238,1.037418542355299,2000,2000,2.0,1356.7076534006005,503.46,614.4,2048
env_step,1778.9854953150002,4940000,760,0.010000000000000009,100000,4936858,1.0539296336025,2000,2000,,,,,
env_step,1832.9785122919998,4950000,778,0.010000000000000009,100000,4946858,0.9981846725344657,2000,2000,,,,,
env_step,1886.3675453629999,4960000,799,0.010000000000000009,100000,4956858,1.0179270914196967,2000,2000,,,,,
episode,1886.6751610309998,4960054,800,0.010000000000000009,100000,4956912,1.0221449802219869,2000,2000,2.0,1330.8660057188185,493.48,593.92,2048
env_step,1939.9607203620003,4970000,822,0.010000000000000009,100000,4966858,1.0237990976199507,2000,2000,,,,,
env_step,1993.230699155,4980000,841,0.010000000000000009,100000,4976858,1.0296067340224981,2000,2000,,,,,
episode,2018.1227321749998,4984661,850,0.010000000000000009,100000,4981519,1.0182719842791557,2000,2000,0.0,1322.0204596135552,492.14,576.0,1024
env_step,2046.5297207469998,4990000,860,0.010000000000000009,100000,4986858,0.9913353276252747,2000,2000,,,,,
env_step,2099.7035323450004,5000000,879,0.010000000000000009,100000,4996858,1.0207761042267085,2000,2000,,,,,
env_step,2153.112387314,5010000,897,0.010000000000000009,100000,5006858,1.0003164979666472,2000,2000,,,,,
episode,2159.1029016959997,5011142,900,0.010000000000000009,100000,5008000,1.0247974635958672,2000,2000,4.0,1436.342385269022,529.62,643.84,2048
env_step,2206.011583633,5020000,918,0.010000000000000009,100000,5016858,0.9996246713995933,2000,2000,,,,,
env_step,2259.194737649,5030000,938,0.010000000000000009,100000,5026858,1.0162510998249055,2000,2000,,,,,
episode,2284.912437693,5034851,950,0.010000000000000009,100000,5031709,1.0168009809702634,2000,2000,4.0,1273.4871504431026,474.18,588.8,2048
env_step,2312.4488523699997,5040000,965,0.010000000000000009,100000,5036858,1.0408706175237894,2000,2000,,,,,
env_step,2366.520364218,5050000,985,0.010000000000000009,100000,5046858,1.033338871330023,2000,2000,,,,,
episode,2407.0445198350003,5057503,1000,0.010000000000000009,100000,5054361,1.081830551609397,2000,2000,2.0,1210.3064351236806,453.04,551.04,2048
env_step,2420.619237161,5060000,1004,0.010000000000000009,100000,5056858,1.0606268029659986,2000,2000,,,,,
env_step,2474.455050111,5070000,1025,0.010000000000000009,100000,5066858,1.1333766509890557,2000,2000,,,,,
episode,2526.4837237340003,5079688,1050,0.010000000000000009,100000,5076546,1.1145923142433167,2000,2000,0.0,1185.8049002890755,443.7,524.8,1024
env_step,2528.147568561,5080000,1051,0.010000000000000009,100000,5076858,1.1170869813710451,2000,2000,,,,,
env_step,2581.6280149420004,5090000,1076,0.010000000000000009,100000,5086858,1.0874132848083973,2000,2000,,,,,
env_step,2635.571916202,5100000,1096,0.010000000000000009,100000,5096858,1.1341130416691303,2000,2000,,,,,
episode,2644.6736700839997,5101684,1100,0.010000000000000009,100000,5098542,1.0926870139837266,2000,2000,2.0,1180.5440791349208,439.92,522.24,2048
env_step,2689.394667962,5110000,1118,0.010000000000000009,100000,5106858,1.1635622001290322,2000,2000,,,,,
env_step,46.76929141300002,4610000,24,0.010000000000000009,10000,4606858,1.0527272956371307,2000,2000,,,,,
episode,93.818499626,4619814,50,0.010000000000000009,19814,4616672,1.1019022878333926,2000,2000,2.0,1052.694520607931,396.28,453.76,2048
env_step,94.70851589700004,4620000,50,0.010000000000000009,20000,4616858,1.1037681742534042,2000,2000,,,,,
env_step,142.22352788300003,4630000,78,0.010000000000000009,30000,4626858,1.1820714604258538,2000,2000,,,,,
episode,184.00864065399998,4638689,100,0.010000000000000009,38689,4635547,1.083750460639596,2000,2000,0.0,1000.6617879962524,377.5,436.48,1024
env_step,190.297023347,4640000,103,0.010000000000000009,40000,4636858,1.1391338112801312,2000,2000,,,,,
env_step,238.79729205100006,4650000,126,0.010000000000000009,50000,4646858,1.062205728150904,2000,2000,,,,,
episode,285.745990093,4659519,150,0.010000000000000009,59519,4656377,1.0976477171555161,2000,2000,0.0,1107.7891871174936,416.6,491.52,1024
env_step,288.119111969,4660000,151,0.010000000000000009,60000,4656858,1.1432536209896207,2000,2000,,,,,
env_step,337.663433816,4670000,176,0.010000000000000009,70000,4666858,1.0961495977640152,2000,2000,,,,,
episode,376.883449108,4677805,200,0.010000000000000009,77805,4674663,1.1338408371806146,2000,2000,0.0,965.8051727272527,365.72,445.44,1024
env_step,388.025412926,4680000,206,0.010000000000000009,80000,4676858,1.1246849624067545,2000,2000,,,,,
env_step,438.89376911000005,4690000,231,0.010000000000000009,90000,4686858,1.1918250000923871,2000,2000,,,,,
episode,480.933943025,4698192,250,0.010000000000000009,98192,4695050,1.1238428638353943,2000,2000,0.0,1086.4666892130613,407.74,469.12,1024
env_step,490.30292071800005,4700000,253,0.010000000000000009,100000,4696858,1.116158712103963,2000,2000,,,,,
env_step,542.0527858329999,4710000,274,0.010000000000000009,100000,4706858,1.0976731788218022,2000,2000,,,,,
env_step,593.960259686,4720000,293,0.010000000000000009,100000,4716858,1.123810653731227,2000,2000,,,,,
episode,606.3991760619999,4722373,300,0.010000000000000009,100000,4719231,1.102952009089291,2000,2000,0.0,1300.5399662286477,483.62,569.6,1024
env_step,645.8185302699999,4730000,318,0.010000000000000009,100000,4726858,1.072073007762432,2000,2000,,,,,
env_step,697.754056516,4740000,340,0.010000000000000009,100000,4736858,1.1075954421162606,2000,2000,,,,,
episode,715.9302633299999,4743493,350,0.010000000000000009,100000,4740351,1.1011324802339078,2000,2000,0.0,1129.6428683876525,422.4,517.12,1024
env_step,749.8148536229999,4750000,363,0.010000000000000009,100000,4746858,1.086929861880839,2000,2000,,,,,
env_step,801.8580555030001,4760000,385,0.010000000000000009,100000,4756858,1.0989612109661102,2000,2000,,,,,
episode,834.6786430739999,4766305,400,0.010000000000000009,100000,4763163,1.1055112415328623,2000,2000,2.0,1226.2017573845444,456.24,541.44,2048
env_step,853.8430532489999,4770000,410,0.010000000000000009,100000,4766858,1.0956756364554168,2000,2000,,,,,
env_step,905.928836782,4780000,431,0.010000000000000009,100000,4776858,0.9997968917116523,2000,2000,,,,,
episode,954.85910573,4789345,450,0.010000000000000009,100000,4786203,1.0521466420441865,2000,2000,2.0,1242.406587589228,460.8,551.68,2048
env_step,958.319114526,4790000,451,0.010000000000000009,100000,4786858,1.0428582740426064,2000,2000,,,,,
env_step,1010.7704574530001,4800000,473,0.010000000000000009,100000,4796858,1.0827802706956864,2000,2000,,,,,
env_step,1062.805549056,4810000,496,0.010000000000000009,100000,4806858,1.1206870634704829,2000,2000,,,,,
episode,1069.755575607,4811313,500,0.010000000000000009,100000,4808171,1.13267734926939,2000,2000,0.0,1178.15004688813,439.36,519.68,1024
env_step,1115.280409426,4820000,521,0.010000000000000009,100000,4816858,1.1767577440142631,2000,2000,,,,,
env_step,1167.2679810079999,4830000,540,0.010000000000000009,100000,4826858,1.1119934583753348,2000,2000,,,,,
episode,1192.9112024629999,4834923,550,0.010000000000000009,100000,4831781,1.162460585027933,2000,2000,0.0,1267.7672334661042,472.2,547.84,1024
env_step,1219.271657577,4840000,561,0.010000000000000009,100000,4836858,1.1181666872501372,2000,2000,,,,,
env_step,1271.367022632,4850000,581,0.010000000000000009,100000,4846858,1.1590181598216296,2000,2000,,,,,
episode,1319.840723842,4859263,600,0.010000000000000009,100000,4856121,1.1399238413572312,2000,2000,0.0,1314.5216778685783,486.8,537.6,1024
env_step,1323.6219952469999,4860000,602,0.010000000000000009,100000,4856858,1.1108472996205092,2000,2000,,,,,
env_step,1375.909717416,4870000,625,0.010000000000000009,100000,4866858,1.0971677347719668,2000,2000,,,,,
env_step,1428.1924657499999,4880000,646,0.010000000000000009,100000,4876858,1.1285422707945107,2000,2000,,,,,
episode,1434.419873022,4881192,650,0.010000000000000009,100000,4878050,1.1055618493109942,2000,2000,2.0,1176.6744448454858,438.58,520.32,2048
env_step,1480.696234221,4890000,669,0.010000000000000009,100000,4886858,1.1120500808358194,2000,2000,,,,,
env_step,1532.97578864,4900000,689,0.010000000000000009,100000,4896858,1.1262427788227796,2000,2000,,,,,
episode,1559.34681164,4905083,700,0.010000000000000009,100000,4901941,1.0826156802028417,2000,2000,0.0,1291.0741456643016,477.82,578.56,1024
env_step,1584.838446864,4910000,708,0.010000000000000009,100000,4906858,1.0443994448035956,2000,2000,,,,,
env_step,1636.718012003,4920000,730,0.010000000000000009,100000,4916858,1.0852044043838978,2000,2000,,,,,
episode,1684.610318136,4929200,750,0.010000000000000009,100000,4926058,1.1317595295608043,2000,2000,0.0,1302.9128982570985,482.34,537.6,1024
env_step,1688.778910898,4930000,752,0.010000000000000009,100000,4926858,1.126295094937086,2000,2000,,,,,
env_step,1740.7157946930001,4940000,779,0.010000000000000009,100000,4936858,1.1134839797616005,2000,2000,,,,,
episode,1785.9107810669998,4948639,800,0.010000000000000009,100000,4945497,1.1275468460321427,2000,2000,0.0,1032.6976588148273,388.78,460.8,1024
env_step,1792.976771578,4950000,803,0.010000000000000009,100000,4946858,1.1247076960802078,2000,2000,,,,,
env_step,1845.140654231,4960000,821,0.010000000000000009,100000,4956858,1.1385522319227457,2000,2000,,,,,
env_step,1897.088367965,4970000,841,0.010000000000000009,100000,4966858,1.115512313991785,2000,2000,,,,,
episode,1917.8734298260001,4973964,850,0.010000000000000009,100000,4970822,1.132599805906415,2000,2000,4.0,1376.5594489607372,506.5,655.36,2048
env_step,1949.5319566019998,4980000,867,0.010000000000000009,100000,4976858,1.1362654287070035,2000,2000,,,,,
env_step,2001.8899105689998,4990000,886,0.010000000000000009,100000,4986858,1.1410985492020846,2000,2000,,,,,
episode,2036.313691834,4996576,900,0.010000000000000009,100000,4993434,1.13466206009686,2000,2000,0.0,1216.2020999490796,452.24,527.36,1024
env_step,2053.9874575549998,5000000,909,0.010000000000000009,100000,4996858,1.1818552571386098,2000,2000,,,,,
env_step,2106.2966190399998,5010000,927,0.010000000000000009,100000,5006858,1.1317943325191737,2000,2000,,,,,
env_step,2158.640003685,5020000,946,0.010000000000000009,100000,5016858,1.2183319824188947,2000,2000,,,,,
episode,2169.432866974,5022061,950,0.010000000000000009,100000,5018919,1.1798799632042647,2000,2000,0.0,1373.6328191494554,509.7,596.48,1024
env_step,2210.857531964,5030000,965,0.010000000000000009,100000,5026858,1.1926141305565834,2000,2000,,,,,
env_step,2263.210233878,5040000,986,0.010000000000000009,100000,5036858,1.2158662530630826,2000,2000,,,,,
episode,2298.860492223,5046804,1000,0.010000000000000009,100000,5043662,1.178357270464301,2000,2000,0.0,1335.000775693918,494.86,601.6,1024
env_step,2315.609370818,5050000,1003,0.010000000000000009,100000,5046858,1.1600087296962738,2000,2000,,,,,
env_step,2367.926810994,5060000,1020,0.010000000000000009,100000,5056858,1.1919812664985656,2000,2000,,,,,
env_step,2420.299126655,5070000,1046,0.010000000000000009,100000,5066858,1.1469591567516326,2000,2000,,,,,
episode,2429.06967242,5071676,1050,0.010000000000000009,100000,5068534,1.1714526143670083,2000,2000,0.0,1342.5166122249811,497.44,588.8,1024
env_step,2472.655208718,5080000,1067,0.010000000000000009,100000,5076858,1.1598385201096535,2000,2000,,,,,
env_step,2525.090903827,5090000,1088,0.010000000000000009,100000,5086858,1.197214447915554,2000,2000,,,,,
episode,2554.132671779,5095540,1100,0.010000000000000009,100000,5092398,1.2148030581772327,2000,2000,0.0,1287.8936131129506,477.28,576.0,1024
env_step,2577.380813794,5100000,1110,0.010000000000000009,100000,5096858,1.2226033968925476,2000,2000,,,,,
env_step,2629.84549478,5110000,1131,0.010000000000000009,100000,5106858,1.237145329505205,2000,2000,,,,,
episode,2677.924663705,5119224,1150,0.010000000000000009,100000,5116082,1.1498099682629108,2000,2000,0.0,1270.6110496134565,473.68,541.44,1024
env_step,2682.025816064,5120000,1152,0.010000000000000009,100000,5116858,1.1471159362643957,2000,2000,,,,,
env_step,2734.821800318,5130000,1175,0.010000000000000009,100000,5126858,1.218912431433797,2000,2000,,,,,
env_step,2787.284270423,5140000,1193,0.010000000000000009,100000,5136858,1.2055880834162236,2000,2000,,,,,
episode,2799.045687202,5142251,1200,0.010000000000000009,100000,5139109,1.2276193586289883,2000,2000,2.0,1231.5231728066324,460.54,504.96,2048
env_step,2839.28576457,5150000,1215,0.010000000000000009,100000,5146858,1.1629268592894078,2000,2000,,,,,
env_step,2891.403113599,5160000,1232,0.010000000000000009,100000,5156858,1.1293805336207152,2000,2000,,,,,
episode,2933.088534198,5168011,1250,0.010000000000000009,100000,5164869,1.123310601681471,2000,2000,2.0,1395.9017208640967,515.2,680.96,2048
env_step,2943.431943341,5170000,1254,0.010000000000000009,100000,5166858,1.1361582056730986,2000,2000,,,,,
env_step,2995.968533168,5180000,1277,0.010000000000000009,100000,5176858,1.1535662297159432,2000,2000,,,,,
env_step,3048.15952857,5190000,1297,0.010000000000000009,100000,5186858,1.1372733763754368,2000,2000,,,,,
episode,3051.999311607,5190743,1300,0.010000000000000009,100000,5187601,1.1357566864043473,2000,2000,0.0,1216.7933158013411,454.64,559.36,1024
env_step,3100.576251155,5200000,1320,0.010000000000000009,100000,5196858,1.1062704626768827,2000,2000,,,,,
env_step,3152.357270804,5210000,1340,0.010000000000000009,100000,5206858,1.0711103772372008,2000,2000,,,,,
episode,3173.861833767,5214137,1350,0.010000000000000009,100000,5210995,1.0745351028591394,2000,2000,0.0,1254.6545058013464,467.88,555.52,1024
env_step,3204.31653479,5220000,1362,0.010000000000000009,100000,5216858,1.1015042376220225,2000,2000,,,,,
env_step,3256.623548576,5230000,1383,0.010000000000000009,100000,5226858,1.0205137306079268,2000,2000,,,,,
episode,3289.809993686,5236297,1400,0.010000000000000009,100000,5233155,1.090921215996146,2000,2000,0.0,1190.988328140515,443.2,552.96,1024
env_step,3309.195190546,5240000,1407,0.010000000000000009,100000,5236858,1.0522210742458702,2000,2000,,,,,
env_step,3361.748693545,5250000,1427,0.010000000000000009,100000,5246858,1.06526303742826,2000,2000,,,,,
episode,3411.71879795,5259488,1450,0.010000000000000009,100000,5256346,1.053104720339179,2000,2000,0.0,1245.8031130487072,463.82,545.28,1024
env_step,3414.392607477,5260000,1451,0.010000000000000009,100000,5256858,1.0483954529613257,2000,2000,,,,,
env_step,3466.883802312,5270000,1474,0.010000000000000009,100000,5266858,1.096673873782158,2000,2000,,,,,
env_step,3519.671194723,5280000,1496,0.010000000000000009,100000,5276858,1.0553492382988334,2000,2000,,,,,
episode,3532.37866046,5282425,1500,0.010000000000000009,100000,5279283,1.0728513836860656,2000,2000,0.0,1232.7785364311585,458.74,537.6,1024
env_step,3572.185257704,5290000,1517,0.010000000000000009,100000,5286858,1.103759138867259,2000,2000,,,,,
env_step,3624.590229347,5300000,1538,0.010000000000000009,100000,5296858,1.0879594388902187,2000,2000,,,,,
episode,3649.243872677,5304723,1550,0.010000000000000009,100000,5301581,1.1256538141593337,2000,2000,0.0,1197.6925269433823,445.96,519.68,1024
env_step,3676.837929393,5310000,1563,0.010000000000000009,100000,5306858,1.1058438719213008,2000,2000,,,,,
env_step,3729.364940775,5320000,1584,0.010000000000000009,100000,5316858,1.179309794932604,2000,2000,,,,,
episode,3764.1638345250003,5326610,1600,0.010000000000000009,100000,5323468,1.1237516130059957,2000,2000,0.0,1166.7479958622998,437.74,504.32,1024
env_step,3781.8340381,5330000,1607,0.010000000000000009,100000,5326858,1.0880591031461955,2000,2000,,,,,
env_step,3834.510297209,5340000,1631,0.010000000000000009,100000,5336858,1.2099081980884074,2000,2000,,,,,
env_step,3886.773457866,5350000,1646,0.010000000000000009,100000,5346858,1.2058576491773128,2000,2000,,,,,
episode,3892.3973661540003,5351082,1650,0.010000000000000009,100000,5347940,1.1763517700731754,2000,2000,4.0,1317.3205092052406,489.44,633.6,2048
env_step,3939.1494719439997,5360000,1669,0.010000000000000009,100000,5356858,1.2434461604058742,2000,2000,,,,,
env_step,3991.0576883539998,5370000,1691,0.010000000000000009,100000,5366858,1.1753943862766028,2000,2000,,,,,
episode,4009.853527782,5373601,1700,0.010000000000000009,100000,5370459,1.2142009776383638,2000,2000,0.0,1204.0885471725069,450.38,509.44,1024
env_step,4043.270133186,5380000,1711,0.010000000000000009,100000,5376858,1.2272724608033896,2000,2000,,,,,
env_step,4095.625333653,5390000,1731,0.010000000000000009,100000,5386858,1.2287769487798215,2000,2000,,,,,
episode,4140.527298688,5398621,1750,0.010000000000000009,100000,5395479,1.2014559434652328,2000,2000,0.0,1346.3963624901894,500.4,589.44,1024
env_step,4147.739637714,5400000,1752,0.010000000000000009,100000,5396858,1.2358990111351014,2000,2000,,,,,
env_step,4199.76841975,5410000,1773,0.010000000000000009,100000,5406858,1.218435040578246,2000,2000,,,,,
env_step,4251.755343119,5420000,1793,0.010000000000000009,100000,5416858,1.2256241220831872,2000,2000,,,,,
episode,4268.97652969,5423329,1800,0.010000000000000009,100000,5420187,1.1810650032013654,2000,2000,0.0,1326.723897498211,494.16,535.04,1024
env_step,4303.533668153,5430000,1814,0.010000000000000009,100000,5426858,1.2552915214151144,2000,2000,,,,,
env_step,4355.60501484,5440000,1832,0.010000000000000009,100000,5436858,1.1812544114887715,2000,2000,,,,,
env_step,4407.538246806,5450000,1849,0.010000000000000009,100000,5446858,1.1633406586050987,2000,2000,,,,,
episode,4410.548722712,5450575,1850,0.010000000000000009,100000,5447433,1.177979657649994,2000,2000,2.0,1468.9268230018529,544.92,645.12,2048
env_step,4459.510542195,5460000,1879,0.010000000000000009,100000,5456858,1.1685231384932995,2000,2000,,,,,
episode,4507.667861701,5469312,1900,0.010000000000000009,100000,5466170,1.1551695623099805,2000,2000,0.0,994.1769120574171,374.74,431.36,1024
env_step,4511.239270039,5470000,1900,0.010000000000000009,100000,5466858,1.1531763668209314,2000,2000,,,,,
env_step,4563.198910726,5480000,1926,0.010000000000000009,100000,5476858,1.0751007107198238,2000,2000,,,,,
episode,4612.854204874,5489598,1950,0.010000000000000009,100000,5486456,1.161124455422163,2000,2000,0.0,1079.9072391364398,405.72,509.44,1024
env_step,4614.935251343,5490000,1950,0.010000000000000009,100000,5486858,1.166029183536768,2000,2000,,,,,
env_step,4666.91151302,5500000,1971,0.010000000000000009,100000,5496858,1.1298504205048083,2000,2000,,,,,
env_step,4719.541537601,5510000,1993,0.010000000000000009,100000,5506858,1.1417625332772732,2000,2000,,,,,
episode,4741.869522279,5514265,2000,0.010000000000000009,100000,5511123,1.1151818065047263,2000,2000,0.0,1325.6651633855045,493.34,599.04,1024
env_step,4771.770294933,5520000,2012,0.010000000000000009,100000,5516858,1.1247656846344471,2000,2000,,,,,
env_step,4824.069368991,5530000,2032,0.010000000000000009,100000,5526858,1.1266156882196665,2000,2000,,,,,
episode,4863.525463917,5537575,2050,0.010000000000000009,100000,5534433,1.1783192468285562,2000,2000,2.0,1253.472817367676,466.2,537.6,2048
env_step,4876.205457459,5540000,2055,0.010000000000000009,100000,5536858,1.163247278109193,2000,2000,,,,,
env_step,4928.385383889,5550000,2074,0.010000000000000009,100000,5546858,1.1657062279284,2000,2000,,,,,
env_step,4980.506756776,5560000,2093,0.010000000000000009,100000,5556858,1.1545309426188468,2000,2000,,,,,
episode,4994.487545598,5562670,2100,0.010000000000000009,100000,5559528,1.1582297919839621,2000,2000,4.0,1352.6455698400769,501.9,620.16,2048
env_step,5032.747688977,5570000,2113,0.010000000000000009,100000,5566858,1.1156173628121615,2000,2000,,,,,
env_step,5084.770422377,5580000,2131,0.010000000000000009,100000,5576858,1.1864532417804003,2000,2000,,,,,
episode,5127.276101802,5588176,2150,0.010000000000000009,100000,5585034,1.1323491662740708,2000,2000,4.0,1375.3088559351863,510.12,591.36,2048
env_step,5136.819602189,5590000,2152,0.010000000000000009,100000,5586858,1.1028548309653998,2000,2000,,,,,
env_step,5188.92438686,5600000,2173,0.010000000000000009,100000,5596858,1.1109093521535396,2000,2000,,,,,
env_step,46.31444198600002,4610000,30,0.010000000000000009,10000,4606858,1.2215805242136122,2000,2000,,,,,
episode,87.41927676500018,4618743,50,0.010000000000000009,18743,4615601,1.0593372863084078,2000,2000,2.0,989.1297348558484,374.86,444.16,2048
env_step,93.38022889000058,4620000,53,0.010000000000000009,20000,4616858,1.0809080820828676,2000,2000,,,,,
env_step,141.09484181600055,4630000,79,0.010000000000000009,30000,4626858,1.1328162436261773,2000,2000,,,,,
episode,178.7356720939997,4637810,100,0.010000000000000009,37810,4634668,1.1200708041116596,2000,2000,0.0,1007.0053866886014,381.34,441.92,1024
env_step,189.4692911789998,4640000,105,0.010000000000000009,40000,4636858,1.1237551123201848,2000,2000,,,,,
env_step,238.87454829699982,4650000,127,0.010000000000000009,50000,4646858,1.111598121665418,2000,2000,,,,,
env_step,288.97958773699975,4660000,149,0.010000000000000009,60000,4656858,1.0902941214442252,2000,2000,,,,,
episode,290.7758217159999,4660361,150,0.010000000000000009,60361,4657219,1.0869279326274992,2000,2000,2.0,1208.69787037321,451.02,561.92,2048
env_step,339.66667870699985,4670000,177,0.010000000000000009,70000,4666858,1.110005770854652,2000,2000,,,,,
env_step,390.76566915700005,4680000,199,0.010000000000000009,80000,4676858,1.107143366716802,2000,2000,,,,,
episode,391.1800596580006,4680080,200,0.010000000000000009,80080,4676938,1.1079132371470333,2000,2000,0.0,1048.1602398498535,394.38,454.4,1024
env_step,442.9033801980004,4690000,219,0.010000000000000009,90000,4686858,1.1079750485420228,2000,2000,,,,,
env_step,495.4741996590001,4700000,243,0.010000000000000009,100000,4696858,1.0554101640880107,2000,2000,,,,,
episode,509.5729029180002,4702683,250,0.010000000000000009,100000,4699541,1.1098603891208767,2000,2000,0.0,1211.5433222416377,452.06,540.16,1024
env_step,548.0761482839998,4710000,269,0.010000000000000009,100000,4706858,1.0311706702113153,2000,2000,,,,,
env_step,601.0080095800004,4720000,292,0.010000000000000009,100000,4716858,1.068087319456041,2000,2000,,,,,
episode,621.8882928470002,4723895,300,0.010000000000000009,100000,4720753,1.1156704282984138,2000,2000,0.0,1132.3472825611993,424.24,491.52,1024
env_step,654.2991174650006,4730000,312,0.010000000000000009,100000,4726858,1.0545046871304513,2000,2000,,,,,
env_step,707.4774125370004,4740000,332,0.010000000000000009,100000,4736858,1.0968516433015465,2000,2000,,,,,
episode,757.8948671799999,4749521,350,0.010000000000000009,100000,4746379,1.0910718609020114,2000,2000,0.0,1388.362021086521,512.52,550.4,1024
env_step,760.4526799330006,4750000,351,0.010000000000000009,100000,4746858,1.0684030804410576,2000,2000,,,,,
env_step,813.4269638780006,4760000,371,0.010000000000000009,100000,4756858,1.0432657455801964,2000,2000,,,,,
env_step,866.5105703429999,4770000,390,0.010000000000000009,100000,4766858,1.0434988515377044,2000,2000,,,,,
episode,889.0576496479998,4774246,400,0.010000000000000009,100000,4771104,1.05278799354285,2000,2000,4.0,1334.8831037687842,494.5,573.44,2048
env_step,919.6360339510002,4780000,412,0.010000000000000009,100000,4776858,1.0571283871904016,2000,2000,,,,,
env_step,972.7966588629997,4790000,435,0.010000000000000009,100000,4786858,1.0351089857444167,2000,2000,,,,,
episode,1000.9547637550004,4795333,450,0.010000000000000009,100000,4792191,1.0593383975774049,2000,2000,0.0,1126.702149157502,421.74,478.72,1024
env_step,1025.6506176350003,4800000,461,0.010000000000000009,100000,4796858,1.0516655316203833,2000,2000,,,,,
env_step,1078.2337249950006,4810000,483,0.010000000000000009,100000,4806858,1.0431781257390975,2000,2000,,,,,
episode,1115.303128515,4816991,500,0.010000000000000009,100000,4813849,1.0498151553124189,2000,2000,0.0,1159.2540981614343,433.16,497.92,1024
env_step,1131.299656319,4820000,506,0.010000000000000009,100000,4816858,1.0122036302685737,2000,2000,,,,,
env_step,1184.7515771460003,4830000,524,0.010000000000000009,100000,4826858,1.0466395610570907,2000,2000,,,,,
env_step,1237.777262015,4840000,544,0.010000000000000009,100000,4836858,1.0598222999721765,2000,2000,,,,,
episode,1251.4291012250005,4842555,550,0.010000000000000009,100000,4839413,1.0587954598218203,2000,2000,2.0,1380.6302692027737,511.28,606.72,2048
env_step,1290.9180875740003,4850000,566,0.010000000000000009,100000,4846858,1.087901110753417,2000,2000,,,,,
env_step,1344.3969274810006,4860000,590,0.010000000000000009,100000,4856858,1.0802863762900232,2000,2000,,,,,
episode,1368.534472747,4864499,600,0.010000000000000009,100000,4861357,1.0310602061748504,2000,2000,0.0,1178.3222480770198,438.88,465.92,1024
env_step,1397.8016176660003,4870000,610,0.010000000000000009,100000,4866858,1.060726625546813,2000,2000,,,,,
env_step,1451.2110303589998,4880000,628,0.010000000000000009,100000,4876858,1.0923261639624835,2000,2000,,,,,
env_step,1504.6946492369998,4890000,649,0.010000000000000009,100000,4886858,0.9900551594868302,2000,2000,,,,,
episode,1509.3429312520002,4890875,650,0.010000000000000009,100000,4887733,1.0375841699764132,2000,2000,0.0,1425.5683102746875,527.52,581.12,1024
env_step,1557.8677539770006,4900000,672,0.010000000000000009,100000,4896858,1.0114365411400794,2000,2000,,,,,
env_step,1610.7879365979998,4910000,692,0.010000000000000009,100000,4906858,1.002057907938957,2000,2000,,,,,
episode,1629.25263465,4913448,700,0.010000000000000009,100000,4910306,1.020970056205988,2000,2000,2.0,1216.4896013838359,451.46,563.2,2048
env_step,1664.0379952880003,4920000,717,0.010000000000000009,100000,4916858,1.0231500986218451,2000,2000,,,,,
env_step,1717.155214638,4930000,739,0.010000000000000009,100000,4926858,1.012930815026164,2000,2000,,,,,
episode,1746.8940299790002,4935557,750,0.010000000000000009,100000,4932415,1.0097191658690572,2000,2000,0.0,1186.5470954590398,442.18,532.48,1024
env_step,1770.5317214739998,4940000,758,0.010000000000000009,100000,4936858,1.0279406359940768,2000,2000,,,,,
env_step,1824.124537316,4950000,778,0.010000000000000009,100000,4946858,1.0147996965199708,2000,2000,,,,,
env_step,1877.5563552840003,4960000,799,0.010000000000000009,100000,4956858,1.0109847054630519,2000,2000,,,,,
episode,1880.8259290630003,4960613,800,0.010000000000000009,100000,4957471,1.0189732195287944,2000,2000,0.0,1355.5963065879146,501.12,597.76,1024
env_step,1930.757230827,4970000,818,0.010000000000000009,100000,4966858,0.9624264306277037,2000,2000,,,,,
env_step,1983.9842490109995,4980000,840,0.010000000000000009,100000,4976858,0.9739424097537994,2000,2000,,,,,
episode,2009.0444286459997,4984719,850,0.010000000000000009,100000,4981577,1.0009647977501155,2000,2000,0.0,1301.609856977408,482.12,574.72,1024
env_step,2037.1726764639998,4990000,863,0.010000000000000009,100000,4986858,0.9875299207344651,2000,2000,,,,,
env_step,2090.661854473,5000000,881,0.010000000000000009,100000,4996858,0.9948738657385111,2000,2000,,,,,
episode,2135.136546728,5008387,900,0.010000000000000009,100000,5005245,0.9731753416284918,2000,2000,0.0,1275.0178849566546,473.36,542.72,1024
env_step,2143.741130906,5010000,904,0.010000000000000009,100000,5006858,0.9880541193187237,2000,2000,,,,,
env_step,2197.1229547110006,5020000,924,0.010000000000000009,100000,5016858,0.9586395141631365,2000,2000,,,,,
env_step,2250.539681759,5030000,947,0.010000000000000009,100000,5026858,1.0120488304942847,2000,2000,,,,,
episode,2256.759258841,5031160,950,0.010000000000000009,100000,5028018,0.9809806642830372,2000,2000,2.0,1225.092770281731,455.46,545.28,2048
env_step,2303.844412292,5040000,968,0.010000000000000009,100000,5036858,0.9712252091914415,2000,2000,,,,,
env_step,2356.994052641,5050000,989,0.010000000000000009,100000,5046858,0.9775910172313452,2000,2000,,,,,
episode,2381.216916427001,5054549,1000,0.010000000000000009,100000,5051407,1.0255845018178225,2000,2000,0.0,1258.5978800951684,467.78,547.84,1024
env_step,2410.290451332,5060000,1010,0.010000000000000009,100000,5056858,0.9876680453792215,2000,2000,,,,,
env_step,2463.3837280489997,5070000,1031,0.010000000000000009,100000,5066858,1.0258545761033893,2000,2000,,,,,
episode,2502.942419809001,5077350,1050,0.010000000000000009,100000,5074208,0.9453499555587769,2000,2000,2.0,1227.6125830888614,456.02,566.4,2048
env_step,2517.2835982120005,5080000,1055,0.010000000000000009,100000,5076858,0.9874514383822679,2000,2000,,,,,
env_step,2571.0062067549998,5090000,1081,0.010000000000000009,100000,5086858,0.9992567627653479,2000,2000,,,,,
episode,2605.4220343839997,5096448,1100,0.010000000000000009,100000,5093306,0.996013318091631,2000,2000,0.0,1014.1660950952878,381.96,435.2,1024
env_step,2624.4008954240007,5100000,1106,0.010000000000000009,100000,5096858,1.0095218073129655,2000,2000,,,,,
env_step,2677.5890879530007,5110000,1129,0.010000000000000009,100000,5106858,1.0121803015172481,2000,2000,,,,,
episode,2716.856084010001,5117377,1150,0.010000000000000009,100000,5114235,1.1120676615908742,2000,2000,0.0,1120.6740332078093,418.58,476.16,1024
env_step,2730.914507079001,5120000,1156,0.010000000000000009,100000,5116858,1.0509121700301767,2000,2000,,,,,
env_step,2784.532539336001,5130000,1176,0.010000000000000009,100000,5126858,1.0270148595571518,2000,2000,,,,,
env_step,2837.805488221001,5140000,1199,0.010000000000000009,100000,5136858,1.1211575243920089,2000,2000,,,,,
episode,2840.855321311,5140574,1200,0.010000000000000009,100000,5137432,1.1054190228283405,2000,2000,0.0,1249.1691478712455,463.94,540.16,1024
env_step,2891.2488902119994,5150000,1220,0.010000000000000009,100000,5146858,1.077542438417673,2000,2000,,,,,
env_step,2944.8339558830003,5160000,1242,0.010000000000000009,100000,5156858,1.1192227716445924,2000,2000,,,,,
episode,2961.853004404001,5163186,1250,0.010000000000000009,100000,5160044,1.11766088193655,2000,2000,0.0,1214.2411217734887,452.24,537.6,1024
env_step,2998.043954115,5170000,1262,0.010000000000000009,100000,5166858,1.1305493296831846,2000,2000,,,,,
env_step,3051.366620787,5180000,1282,0.010000000000000009,100000,5176858,1.0967232911884786,2000,2000,,,,,
env_step,3104.685255583,5190000,1297,0.010000000000000009,100000,5186858,1.016868085771799,2000,2000,,,,,
episode,3111.0963770749995,5191197,1300,0.010000000000000009,100000,5188055,1.0439135308116674,2000,2000,2.0,1530.5721559605777,560.22,651.52,2048
env_step,3158.158513376001,5200000,1317,0.010000000000000009,100000,5196858,1.0226027481779456,2000,2000,,,,,
env_step,3211.5595757309993,5210000,1341,0.010000000000000009,100000,5206858,1.0722643053084613,2000,2000,,,,,
episode,3232.5520200420005,5213895,1350,0.010000000000000009,100000,5210753,1.0716002783030272,2000,2000,0.0,1222.0561411179244,453.96,544.0,1024
env_step,3265.2608401650004,5220000,1365,0.010000000000000009,100000,5216858,0.9979535613507032,2000,2000,,,,,
env_step,3318.4685608320005,5230000,1387,0.010000000000000009,100000,5226858,1.0124932247549296,2000,2000,,,,,
episode,3354.4823236500006,5236711,1400,0.010000000000000009,100000,5233569,1.0894664735645057,2000,2000,0.0,1226.6504340983588,456.32,563.52,1024
env_step,3372.059570413,5240000,1408,0.010000000000000009,100000,5236858,1.0100841012895108,2000,2000,,,,,
env_step,3425.6106961230007,5250000,1429,0.010000000000000009,100000,5246858,1.0273091597780586,2000,2000,,,,,
env_step,3479.0966461439994,5260000,1447,0.010000000000000009,100000,5256858,1.0072012735754252,2000,2000,,,,,
episode,3489.4015732159996,5261934,1450,0.010000000000000009,100000,5258792,1.0375963359028102,2000,2000,0.0,1366.15648760778,504.46,583.68,1024
env_step,3532.5830712880006,5270000,1465,0.010000000000000009,100000,5266858,0.9722287280783057,2000,2000,,,,,
env_step,3585.9861231780005,5280000,1486,0.010000000000000009,100000,5276858,0.9728057693764567,2000,2000,,,,,
episode,3630.450560212,5288318,1500,0.010000000000000009,100000,5285176,0.98454421672225,2000,2000,6.0,1433.60311543786,527.68,650.24,2048
env_step,3639.4468145050005,5290000,1502,0.010000000000000009,100000,5286858,1.0660493741482495,2000,2000,,,,,
env_step,3693.2926934800007,5300000,1525,0.010000000000000009,100000,5296858,1.0297368173077703,2000,2000,,,,,
env_step,3746.765195551,5310000,1547,0.010000000000000009,100000,5306858,1.0016340939551591,2000,2000,,,,,
episode,3754.4806782160003,5311444,1550,0.010000000000000009,100000,5308302,0.9994331863000989,2000,2000,4.0,1247.4460582952916,462.52,558.72,2048
env_step,3800.2180122069994,5320000,1569,0.010000000000000009,100000,5316858,1.0099095321893692,2000,2000,,,,,
env_step,3853.4791848079994,5330000,1591,0.010000000000000009,100000,5326858,0.9656270238757133,2000,2000,,,,,
episode,3879.1952602770007,5334829,1600,0.010000000000000009,100000,5331687,0.9833289407640695,2000,2000,0.0,1258.1889895087052,467.7,527.36,1024
env_step,3906.745308656001,5340000,1610,0.010000000000000009,100000,5336858,0.9913969272449613,2000,2000,,,,,
env_step,3960.471091892,5350000,1627,0.010000000000000009,100000,5346858,0.9662914553061127,2000,2000,,,,,
env_step,4013.9209399029996,5360000,1646,0.010000000000000009,100000,5356858,1.0252700629383324,2000,2000,,,,,
episode,4019.7788562230007,5361100,1650,0.010000000000000009,100000,5357958,0.9958970218524337,2000,2000,0.0,1420.3801058785716,525.42,625.92,1024
env_step,4067.133205837,5370000,1666,0.010000000000000009,100000,5366858,0.9765463113337756,2000,2000,,,,,
env_step,4120.024354358001,5380000,1685,0.010000000000000009,100000,5376858,0.988371747404337,2000,2000,,,,,
episode,4160.746885153,5387666,1700,0.010000000000000009,100000,5384524,1.0168914712667465,2000,2000,4.0,1439.7763847117849,531.32,654.08,2048
env_step,4173.1833871280005,5390000,1706,0.010000000000000009,100000,5386858,1.0305238185673953,2000,2000,,,,,
env_step,4226.517863843,5400000,1726,0.010000000000000009,100000,5396858,1.0481722203940154,2000,2000,,,,,
env_step,4279.779169438,5410000,1748,0.010000000000000009,100000,5406858,1.005778982758522,2000,2000,,,,,
episode,4283.120279080999,5410628,1750,0.010000000000000009,100000,5407486,1.0017302064150573,2000,2000,0.0,1232.4753323436914,459.24,529.92,1024
env_step,4333.093643124,5420000,1769,0.010000000000000009,100000,5416858,0.9960281442552805,2000,2000,,,,,
env_step,4386.457739705001,5430000,1791,0.010000000000000009,100000,5426858,0.9560947637706995,2000,2000,,,,,
episode,4407.0265361520005,5433859,1800,0.010000000000000009,100000,5430717,1.0269205323308706,2000,2000,0.0,1248.2836388994947,464.62,517.12,1024
env_step,4439.761493567,5440000,1812,0.010000000000000009,100000,5436858,0.972654473386705,2000,2000,,,,,
env_step,4492.873073026,5450000,1832,0.010000000000000009,100000,5446858,1.0161374773457645,2000,2000,,,,,
env_step,4546.374955804001,5460000,1849,0.010000000000000009,100000,5456858,1.0035680370479823,2000,2000,,,,,
episode,4549.792772876,5460639,1850,0.010000000000000009,100000,5457497,1.0219702881872654,2000,2000,2.0,1448.762898770331,535.6,647.68,2048
env_step,4599.575560864,5470000,1870,0.010000000000000009,100000,5466858,1.0219577876627446,2000,2000,,,,,
env_step,4652.765630877001,5480000,1892,0.010000000000000009,100000,5476858,0.9860520344525575,2000,2000,,,,,
episode,4676.6782055270005,5484488,1900,0.010000000000000009,100000,5481346,1.01283457942307,2000,2000,0.0,1289.6078859676331,476.98,550.4,1024
env_step,4705.996246703001,5490000,1909,0.010000000000000009,100000,5486858,1.0088819027394056,2000,2000,,,,,
env_step,4759.527885988001,5500000,1930,0.010000000000000009,100000,5496858,1.036499418273568,2000,2000,,,,,
env_step,4813.0230036660005,5510000,1947,0.010000000000000009,100000,5506858,0.9919416316151619,2000,2000,,,,,
episode,4822.162578053,5511719,1950,0.010000000000000009,100000,5508577,1.019336150303483,2000,2000,0.0,1472.2592804434514,544.62,633.6,1024
env_step,4866.121545012999,5520000,1963,0.010000000000000009,100000,5516858,1.0406204839721322,2000,2000,,,,,
env_step,4919.720364813999,5530000,1985,0.010000000000000009,100000,5526858,0.9937323025316,2000,2000,,,,,
episode,4959.678517161,5537526,2000,0.010000000000000009,100000,5534384,0.9784750609099865,2000,2000,4.0,1401.1035328952087,516.14,634.88,2048
env_step,4972.960485029999,5540000,2004,0.010000000000000009,100000,5536858,1.0063390941917896,2000,2000,,,,,
env_step,5026.521020481,5550000,2024,0.010000000000000009,100000,5546858,0.9672781588435173,2000,2000,,,,,
env_step,5080.09264955,5560000,2046,0.010000000000000009,100000,5556858,0.974155173972249,2000,2000,,,,,
episode,5090.099081982999,5561884,2050,0.010000000000000009,100000,5558742,1.014040489256382,2000,2000,2.0,1313.093454800654,487.16,547.84,2048
env_step,5133.383068542001,5570000,2068,0.010000000000000009,100000,5566858,0.9981076323539019,2000,2000,,,,,
env_step,5187.020017502001,5580000,2085,0.010000000000000009,100000,5576858,1.0119338874071837,2000,2000,,,,,
episode,5230.219484856,5588095,2100,0.010000000000000009,100000,5584953,1.0509848455637694,2000,2000,4.0,1423.6392431227569,524.22,601.6,2048
env_step,5240.365404333,5590000,2104,0.010000000000000009,100000,5586858,1.0300600831806659,2000,2000,,,,,
env_step,5293.7668715009995,5600000,2124,0.010000000000000009,100000,5596858,1.090739596530795,2000,2000,,,,,
env_step,46.45552563000092,4610000,29,0.010000000000000009,10000,4606858,1.1786917818784715,2000,2000,,,,,
episode,77.05129805099932,4616375,50,0.010000000000000009,16375,4613233,1.2562539678290485,2000,2000,0.0,852.7551144998931,327.5,369.92,1024
env_step,94.40625859899956,4620000,60,0.010000000000000009,20000,4616858,1.228781054072082,2000,2000,,,,,
env_step,142.6247749739996,4630000,90,0.010000000000000009,30000,4626858,1.2654322187453508,2000,2000,,,,,
episode,156.9729050269998,4632960,100,0.010000000000000009,32960,4629818,1.287765034288168,2000,2000,0.0,866.7207985836445,331.7,366.08,1024
env_step,191.48780348500077,4640000,113,0.010000000000000009,40000,4636858,1.2052002933323382,2000,2000,,,,,
env_step,240.78231992899964,4650000,137,0.010000000000000009,50000,4646858,1.2179681729376317,2000,2000,,,,,
episode,261.6442794930008,4654232,150,0.010000000000000009,54232,4651090,1.2384924493357539,2000,2000,0.0,1134.9183294144943,425.44,503.04,1024
env_step,290.27020301800076,4660000,166,0.010000000000000009,60000,4656858,1.2285487449914216,2000,2000,,,,,
env_step,340.6050749059996,4670000,190,0.010000000000000009,70000,4666858,1.191588271036744,2000,2000,,,,,
episode,364.0315461249993,4674571,200,0.010000000000000009,74571,4671429,1.125949692323804,2000,2000,2.0,1080.4375400956674,406.78,476.16,2048
env_step,391.7007314759994,4680000,214,0.010000000000000009,80000,4676858,1.1842043301165104,2000,2000,,,,,
env_step,442.8962304830002,4690000,237,0.010000000000000009,90000,4686858,1.2163817717283965,2000,2000,,,,,
episode,472.63276305,4695740,250,0.010000000000000009,95740,4692598,1.176891825184226,2000,2000,0.0,1125.4116340991905,423.38,463.36,1024
env_step,494.7957034659994,4700000,261,0.010000000000000009,100000,4696858,1.165883452475071,2000,2000,,,,,
env_step,547.0967548839999,4710000,283,0.010000000000000009,100000,4706858,1.0888449696451425,2000,2000,,,,,
env_step,599.6176635760003,4720000,299,0.010000000000000009,100000,4716858,1.08950499984622,2000,2000,,,,,
episode,600.6604569610008,4720198,300,0.010000000000000009,100000,4717056,1.081307224303484,2000,2000,0.0,1312.9865422545759,489.16,583.68,1024
env_step,652.0672836539998,4730000,321,0.010000000000000009,100000,4726858,1.0951735279858112,2000,2000,,,,,
env_step,704.6248732660006,4740000,344,0.010000000000000009,100000,4736858,1.071409563794732,2000,2000,,,,,
episode,717.5498860200005,4742461,350,0.010000000000000009,100000,4739319,1.0953049236536025,2000,2000,0.0,1196.6848154663744,445.26,525.44,1024
env_step,757.2076282359994,4750000,368,0.010000000000000009,100000,4746858,1.0579051599651574,2000,2000,,,,,
env_step,809.6042722950006,4760000,392,0.010000000000000009,100000,4756858,1.0616752016320825,2000,2000,,,,,
episode,822.9303364419993,4762534,400,0.010000000000000009,100000,4759392,1.0915544476658106,2000,2000,0.0,1069.7929890656064,401.46,476.16,1024
env_step,862.2484590959994,4770000,417,0.010000000000000009,100000,4766858,1.0206224008500575,2000,2000,,,,,
env_step,915.0875299010004,4780000,437,0.010000000000000009,100000,4776858,1.0972523209676146,2000,2000,,,,,
episode,948.2068288549999,4786255,450,0.010000000000000009,100000,4783113,1.0111534540876745,2000,2000,0.0,1274.7684536316451,474.42,572.16,1024
env_step,968.1620897789999,4790000,459,0.010000000000000009,100000,4786858,1.040968205139041,2000,2000,,,,,
env_step,1021.0674624260009,4800000,483,0.010000000000000009,100000,4796858,1.067399815455079,2000,2000,,,,,
episode,1058.4422426630008,4807083,500,0.010000000000000009,100000,4803941,1.036716913715005,2000,2000,0.0,1112.9573874977652,416.56,497.92,1024
env_step,1073.794308161001,4810000,507,0.010000000000000009,100000,4806858,1.046841214865446,2000,2000,,,,,
env_step,1126.4915098170004,4820000,532,0.010000000000000009,100000,4816858,1.1034500642716885,2000,2000,,,,,
episode,1174.715625148001,4829098,550,0.010000000000000009,100000,4825956,1.1404195620417594,2000,2000,0.0,1179.6282628218642,440.3,512.0,1024
env_step,1179.4635249889998,4830000,551,0.010000000000000009,100000,4826858,1.1253255269378424,2000,2000,,,,,
env_step,1232.101889810001,4840000,573,0.010000000000000009,100000,4836858,1.0803463318794966,2000,2000,,,,,
env_step,1284.806622524,4850000,597,0.010000000000000009,100000,4846858,1.1170307113677262,2000,2000,,,,,
episode,1288.2992447880006,4850659,600,0.010000000000000009,100000,4847517,1.1354235516488551,2000,2000,0.0,1152.1658335246289,431.22,506.88,1024
env_step,1337.6508786390004,4860000,619,0.010000000000000009,100000,4856858,1.0702058241665364,2000,2000,,,,,
env_step,1390.3272928389997,4870000,640,0.010000000000000009,100000,4866858,1.1282632137984037,2000,2000,,,,,
episode,1417.4692856330003,4875178,650,0.010000000000000009,100000,4872036,1.1359645634442568,2000,2000,0.0,1324.7756717600828,490.38,593.92,1024
env_step,1442.9307213400007,4880000,659,0.010000000000000009,100000,4876858,1.122195046454668,2000,2000,,,,,
env_step,1495.858138906,4890000,680,0.010000000000000009,100000,4886858,1.1250032294243575,2000,2000,,,,,
episode,1547.2239845380009,4899751,700,0.010000000000000009,100000,4896609,1.0715677417367697,2000,2000,4.0,1326.5469064480449,491.46,555.52,2048
env_step,1548.5398450520006,4900000,701,0.010000000000000009,100000,4896858,1.0804149004518986,2000,2000,,,,,
env_step,1601.6331409220002,4910000,718,0.010000000000000009,100000,4906858,1.0818943507671357,2000,2000,,,,,
env_step,1655.6296155250002,4920000,738,0.010000000000000009,100000,4916858,1.0653140050172807,2000,2000,,,,,
